<?xml version="1.0" encoding="UTF-8"?>
<project-private xmlns="http://www.netbeans.org/ns/project-private/1">
    <editor-bookmarks xmlns="http://www.netbeans.org/ns/editor-bookmarks/2" lastBookmarkId="0"/>
    <open-files xmlns="http://www.netbeans.org/ns/projectui-open-files/2">
        <group>
            <file>file:/C:/Users/brice/OneDrive%20-%20Universidad%20Autonoma%20de%20Yucatan/Documents/NetBeansProjects/AbarrotesTizimin/src/Controladores/AbarrotesTizimin.java</file>
            <file>file:/C:/Users/brice/OneDrive%20-%20Universidad%20Autonoma%20de%20Yucatan/Documents/NetBeansProjects/AbarrotesTizimin/src/ClasesSistema/GuardarVentas.java</file>
            <file>file:/C:/Users/brice/OneDrive%20-%20Universidad%20Autonoma%20de%20Yucatan/Documents/NetBeansProjects/AbarrotesTizimin/src/ClasesSistema/Compras/Compra.java</file>
            <file>file:/C:/Users/brice/OneDrive%20-%20Universidad%20Autonoma%20de%20Yucatan/Documents/NetBeansProjects/AbarrotesTizimin/src/Controladores/ControllerAgregarArticulo.java</file>
        </group>
    </open-files>
</project-private>
